Citizenship,Immigration_2023,Emigration_2023,Net_migration_2023,Percentage_stay_2023,Immigration_2024,Emigration_2024,Net_migration_2024,Percentage_stay_2024,Percentage_stay_change,Absolute_change
Somalia,2040.0,1902.0,138.0,6.8,1280.0,1911.0,-631.0,-49.3,-56.099999999999994,56.099999999999994
Sri Lanka,1078.0,451.0,627.0,58.2,1635.0,471.0,1164.0,71.2,13.0,13.0
Nepal,8584.0,4074.0,4510.0,52.5,11217.0,4212.0,7005.0,62.4,9.899999999999999,9.899999999999999
Croatia,4703.0,2016.0,2687.0,57.1,4675.0,2323.0,2352.0,50.3,-6.800000000000004,6.800000000000004
Turkey,6664.0,3985.0,2679.0,40.2,7195.0,3855.0,3340.0,46.4,6.199999999999996,6.199999999999996
Bangladesh,4116.0,1394.0,2722.0,66.1,6289.0,1750.0,4539.0,72.2,6.1000000000000085,6.1000000000000085
Romania,57599.0,32184.0,25415.0,44.1,57634.0,35540.0,22094.0,38.3,-5.800000000000004,5.800000000000004
Bulgaria,17109.0,9710.0,7399.0,43.2,16858.0,10420.0,6438.0,38.2,-5.0,5.0
Syria,32088.0,5761.0,26327.0,82.0,27479.0,6281.0,21198.0,77.1,-4.900000000000006,4.900000000000006
Poland,45780.0,28522.0,17258.0,37.7,44604.0,29876.0,14728.0,33.0,-4.700000000000003,4.700000000000003
Vietnam,3152.0,1384.0,1768.0,56.1,4025.0,1609.0,2416.0,60.0,3.8999999999999986,3.8999999999999986
Afghanistan,3882.0,826.0,3056.0,78.7,3599.0,898.0,2701.0,75.0,-3.700000000000003,3.700000000000003
Lithuania,20515.0,15764.0,4751.0,23.2,19353.0,15551.0,3802.0,19.6,-3.599999999999998,3.599999999999998
Ghana,1347.0,887.0,460.0,34.1,1372.0,856.0,516.0,37.6,3.5,3.5
Slovakia,6191.0,4560.0,1631.0,26.3,5988.0,4624.0,1364.0,22.8,-3.5,3.5
Germany,39015.0,26943.0,12072.0,30.9,40910.0,27000.0,13910.0,34.0,3.1000000000000014,3.1000000000000014
Colombia,1417.0,910.0,507.0,35.8,1410.0,945.0,465.0,33.0,-2.799999999999997,2.799999999999997
Iceland,9273.0,8197.0,1076.0,11.6,9346.0,8010.0,1336.0,14.3,2.700000000000001,2.700000000000001
Morocco,1129.0,417.0,712.0,63.1,1124.0,444.0,680.0,60.5,-2.6000000000000014,2.6000000000000014
Stateless,4507.0,661.0,3846.0,85.3,3946.0,677.0,3269.0,82.8,-2.5,2.5
France,14979.0,11847.0,3132.0,20.9,15465.0,11865.0,3600.0,23.3,2.400000000000002,2.400000000000002
Australia,5260.0,4696.0,564.0,10.7,5472.0,4755.0,717.0,13.1,2.4000000000000004,2.4000000000000004
Egypt,1216.0,706.0,510.0,41.9,1239.0,749.0,490.0,39.5,-2.3999999999999986,2.3999999999999986
Pakistan,5336.0,2941.0,2395.0,44.9,5539.0,2926.0,2613.0,47.2,2.3000000000000043,2.3000000000000043
Not stated,3770.0,895.0,2875.0,76.3,3352.0,871.0,2481.0,74.0,-2.299999999999997,2.299999999999997
Philippines,11168.0,9731.0,1437.0,12.9,10578.0,8976.0,1602.0,15.1,2.1999999999999993,2.1999999999999993
Thailand,4976.0,2426.0,2550.0,51.2,4783.0,2425.0,2358.0,49.3,-1.9000000000000057,1.9000000000000057
Eritrea,6531.0,525.0,6006.0,92.0,6470.0,629.0,5841.0,90.3,-1.7000000000000028,1.7000000000000028
Argentina,7027.0,5344.0,1683.0,24.0,7291.0,5660.0,1631.0,22.4,-1.6000000000000014,1.6000000000000014
Iran,11049.0,3452.0,7597.0,68.8,12632.0,3749.0,8883.0,70.3,1.5,1.5
Japan,4472.0,3930.0,542.0,12.1,4852.0,4199.0,653.0,13.5,1.4000000000000004,1.4000000000000004
Austria,2904.0,2418.0,486.0,16.7,2924.0,2402.0,522.0,17.9,1.1999999999999993,1.1999999999999993
Czech Republic,4604.0,3498.0,1106.0,24.0,4672.0,3607.0,1065.0,22.8,-1.1999999999999993,1.1999999999999993
United States of America,33318.0,30639.0,2679.0,8.0,34583.0,31391.0,3192.0,9.2,1.1999999999999993,1.1999999999999993
Serbia,1475.0,707.0,768.0,52.1,1538.0,719.0,819.0,53.3,1.1999999999999957,1.1999999999999957
Spain,18943.0,13000.0,5943.0,31.4,19641.0,13260.0,6381.0,32.5,1.1000000000000014,1.1000000000000014
United Kingdom,17035.0,12259.0,4776.0,28.0,16663.0,12179.0,4484.0,26.9,-1.1000000000000014,1.1000000000000014
Chile,2844.0,2281.0,563.0,19.8,3010.0,2446.0,564.0,18.7,-1.1000000000000014,1.1000000000000014
Indonesia,1077.0,666.0,411.0,38.2,1136.0,713.0,423.0,37.2,-1.0,1.0
Ukraine,54222.0,19098.0,35124.0,64.8,61566.0,22257.0,39309.0,63.8,-1.0,1.0
Canada,5099.0,4590.0,509.0,10.0,5159.0,4599.0,560.0,10.9,0.9000000000000004,0.9000000000000004
Russia,4233.0,2317.0,1916.0,45.3,4038.0,2245.0,1793.0,44.4,-0.8999999999999986,0.8999999999999986
India,26812.0,16145.0,10667.0,39.8,27605.0,16392.0,11213.0,40.6,0.8000000000000043,0.8000000000000043
China,18541.0,15013.0,3528.0,19.0,19031.0,15257.0,3774.0,19.8,0.8000000000000007,0.8000000000000007
Norway,18711.0,16516.0,2195.0,11.7,18611.0,16591.0,2020.0,10.9,-0.7999999999999989,0.7999999999999989
Netherlands,9885.0,7425.0,2460.0,24.9,10254.0,7630.0,2624.0,25.6,0.7000000000000028,0.7000000000000028
Finland,5059.0,4167.0,892.0,17.6,4978.0,4131.0,847.0,17.0,-0.6000000000000014,0.6000000000000014
Brazil,5367.0,3207.0,2160.0,40.2,5611.0,3330.0,2281.0,40.7,0.5,0.5
Italy,26012.0,16317.0,9695.0,37.3,27691.0,17508.0,10183.0,36.8,-0.5,0.5
South Korea,2585.0,2319.0,266.0,10.3,2613.0,2330.0,283.0,10.8,0.5,0.5
Switzerland,2708.0,2267.0,441.0,16.3,2813.0,2366.0,447.0,15.9,-0.40000000000000036,0.40000000000000036
Greece,6089.0,3166.0,2923.0,48.0,6413.0,3307.0,3106.0,48.4,0.3999999999999986,0.3999999999999986
Singapore,1714.0,1522.0,192.0,11.2,1804.0,1610.0,194.0,10.8,-0.3999999999999986,0.3999999999999986
Latvia,6486.0,5000.0,1486.0,22.9,6365.0,4931.0,1434.0,22.5,-0.3999999999999986,0.3999999999999986
Hungary,9289.0,6156.0,3133.0,33.7,9245.0,6155.0,3090.0,33.4,-0.30000000000000426,0.30000000000000426
Belgium,4071.0,3231.0,840.0,20.6,4246.0,3385.0,861.0,20.3,-0.3000000000000007,0.3000000000000007
Estonia,1636.0,1630.0,6.0,0.4,1511.0,1500.0,11.0,0.7,0.29999999999999993,0.29999999999999993
Sweden,18666.0,12317.0,6349.0,34.0,19103.0,12549.0,6554.0,34.3,0.29999999999999716,0.29999999999999716
Mexico,2543.0,1720.0,823.0,32.4,2691.0,1826.0,865.0,32.1,-0.29999999999999716,0.29999999999999716
Portugal,9493.0,4747.0,4746.0,50.0,10266.0,5150.0,5116.0,49.8,-0.20000000000000284,0.20000000000000284
Iraq,1883.0,1005.0,878.0,46.6,1830.0,980.0,850.0,46.4,-0.20000000000000284,0.20000000000000284
Republic of North Macedonia,1148.0,242.0,906.0,78.9,1224.0,256.0,968.0,79.1,0.19999999999998863,0.19999999999998863
Nigeria,1158.0,662.0,496.0,42.8,1137.0,652.0,485.0,42.7,-0.09999999999999432,0.09999999999999432
South Africa,1083.0,496.0,587.0,54.2,1179.0,539.0,640.0,54.3,0.09999999999999432,0.09999999999999432
Ireland,4002.0,2556.0,1446.0,36.1,4497.0,2874.0,1623.0,36.1,0.0,0.0
"Congo, Democratic Republic",1002.0,188.0,814.0,81.2,,,,,,
New Zealand,,,,,1001.0,849.0,152.0,15.2,,
Uganda,,,,,1375.0,337.0,1038.0,75.5,,
